<?xml version="1.0" encoding="UTF-8"?>
<GenRun Id="impl_1" LaunchPart="xc7a100tcsg324-1" LaunchTime="1586137882">
  <File Type="BITSTR-BMM" Name="sumador_completo_bd.bmm"/>
  <File Type="OPT-METHODOLOGY-DRC" Name="sumador_completo_methodology_drc_opted.rpt"/>
  <File Type="INIT-TIMING" Name="sumador_completo_timing_summary_init.rpt"/>
  <File Type="ROUTE-PWR" Name="sumador_completo_power_routed.rpt"/>
  <File Type="PA-TCL" Name="sumador_completo.tcl"/>
  <File Type="OPT-TIMING" Name="sumador_completo_timing_summary_opted.rpt"/>
  <File Type="OPT-DCP" Name="sumador_completo_opt.dcp"/>
  <File Type="ROUTE-PWR-SUM" Name="sumador_completo_power_summary_routed.pb"/>
  <File Type="REPORTS-TCL" Name="sumador_completo_reports.tcl"/>
  <File Type="OPT-DRC" Name="sumador_completo_drc_opted.rpt"/>
  <File Type="OPT-HWDEF" Name="sumador_completo.hwdef"/>
  <File Type="PWROPT-DCP" Name="sumador_completo_pwropt.dcp"/>
  <File Type="PWROPT-DRC" Name="sumador_completo_drc_pwropted.rpt"/>
  <File Type="PWROPT-TIMING" Name="sumador_completo_timing_summary_pwropted.rpt"/>
  <File Type="PLACE-DCP" Name="sumador_completo_placed.dcp"/>
  <File Type="PLACE-IO" Name="sumador_completo_io_placed.rpt"/>
  <File Type="PLACE-CLK" Name="sumador_completo_clock_utilization_placed.rpt"/>
  <File Type="PLACE-UTIL" Name="sumador_completo_utilization_placed.rpt"/>
  <File Type="PLACE-UTIL-PB" Name="sumador_completo_utilization_placed.pb"/>
  <File Type="PLACE-CTRL" Name="sumador_completo_control_sets_placed.rpt"/>
  <File Type="PLACE-SIMILARITY" Name="sumador_completo_incremental_reuse_placed.rpt"/>
  <File Type="PLACE-PRE-SIMILARITY" Name="sumador_completo_incremental_reuse_pre_placed.rpt"/>
  <File Type="PLACE-TIMING" Name="sumador_completo_timing_summary_placed.rpt"/>
  <File Type="POSTPLACE-PWROPT-DCP" Name="sumador_completo_postplace_pwropt.dcp"/>
  <File Type="BG-BIN" Name="sumador_completo.bin"/>
  <File Type="POSTPLACE-PWROPT-TIMING" Name="sumador_completo_timing_summary_postplace_pwropted.rpt"/>
  <File Type="PHYSOPT-DCP" Name="sumador_completo_physopt.dcp"/>
  <File Type="PHYSOPT-DRC" Name="sumador_completo_drc_physopted.rpt"/>
  <File Type="BITSTR-MSK" Name="sumador_completo.msk"/>
  <File Type="PHYSOPT-TIMING" Name="sumador_completo_timing_summary_physopted.rpt"/>
  <File Type="ROUTE-ERROR-DCP" Name="sumador_completo_routed_error.dcp"/>
  <File Type="ROUTE-DCP" Name="sumador_completo_routed.dcp"/>
  <File Type="ROUTE-BLACKBOX-DCP" Name="sumador_completo_routed_bb.dcp"/>
  <File Type="ROUTE-DRC" Name="sumador_completo_drc_routed.rpt"/>
  <File Type="ROUTE-DRC-PB" Name="sumador_completo_drc_routed.pb"/>
  <File Type="ROUTE-DRC-RPX" Name="sumador_completo_drc_routed.rpx"/>
  <File Type="BITSTR-MMI" Name="sumador_completo.mmi"/>
  <File Type="ROUTE-METHODOLOGY-DRC" Name="sumador_completo_methodology_drc_routed.rpt"/>
  <File Type="ROUTE-METHODOLOGY-DRC-RPX" Name="sumador_completo_methodology_drc_routed.rpx"/>
  <File Type="ROUTE-METHODOLOGY-DRC-PB" Name="sumador_completo_methodology_drc_routed.pb"/>
  <File Type="ROUTE-PWR-RPX" Name="sumador_completo_power_routed.rpx"/>
  <File Type="ROUTE-STATUS" Name="sumador_completo_route_status.rpt"/>
  <File Type="ROUTE-STATUS-PB" Name="sumador_completo_route_status.pb"/>
  <File Type="ROUTE-TIMINGSUMMARY" Name="sumador_completo_timing_summary_routed.rpt"/>
  <File Type="ROUTE-TIMING-PB" Name="sumador_completo_timing_summary_routed.pb"/>
  <File Type="ROUTE-TIMING-RPX" Name="sumador_completo_timing_summary_routed.rpx"/>
  <File Type="ROUTE-SIMILARITY" Name="sumador_completo_incremental_reuse_routed.rpt"/>
  <File Type="ROUTE-CLK" Name="sumador_completo_clock_utilization_routed.rpt"/>
  <File Type="ROUTE-BUS-SKEW" Name="sumador_completo_bus_skew_routed.rpt"/>
  <File Type="ROUTE-BUS-SKEW-PB" Name="sumador_completo_bus_skew_routed.pb"/>
  <File Type="ROUTE-BUS-SKEW-RPX" Name="sumador_completo_bus_skew_routed.rpx"/>
  <File Type="POSTROUTE-PHYSOPT-DCP" Name="sumador_completo_postroute_physopt.dcp"/>
  <File Type="POSTROUTE-PHYSOPT-BLACKBOX-DCP" Name="sumador_completo_postroute_physopt_bb.dcp"/>
  <File Type="POSTROUTE-PHYSOPT-TIMING" Name="sumador_completo_timing_summary_postroute_physopted.rpt"/>
  <File Type="POSTROUTE-PHYSOPT-TIMING-PB" Name="sumador_completo_timing_summary_postroute_physopted.pb"/>
  <File Type="POSTROUTE-PHYSOPT-TIMING-RPX" Name="sumador_completo_timing_summary_postroute_physopted.rpx"/>
  <File Type="POSTROUTE-PHYSOPT-BUS-SKEW" Name="sumador_completo_bus_skew_postroute_physopted.rpt"/>
  <File Type="POSTROUTE-PHYSOPT-BUS-SKEW-PB" Name="sumador_completo_bus_skew_postroute_physopted.pb"/>
  <File Type="BG-BIT" Name="sumador_completo.bit"/>
  <File Type="POSTROUTE-PHYSOPT-BUS-SKEW-RPX" Name="sumador_completo_bus_skew_postroute_physopted.rpx"/>
  <File Type="BITSTR-RBT" Name="sumador_completo.rbt"/>
  <File Type="BITSTR-NKY" Name="sumador_completo.nky"/>
  <File Type="PDI-FILE" Name="sumador_completo.pdi"/>
  <File Type="RCFI_FILE" Name="sumador_completo.rcfi"/>
  <File Type="CFI_FILE" Name="sumador_completo.cfi"/>
  <File Type="RNPI_FILE" Name="sumador_completo.rnpi"/>
  <File Type="NPI_FILE" Name="sumador_completo.npi"/>
  <File Type="RBD_FILE" Name="sumador_completo.rbd"/>
  <File Type="BITSTR-LTX" Name="debug_nets.ltx"/>
  <File Type="BITSTR-LTX" Name="sumador_completo.ltx"/>
  <File Type="BITSTR-SYSDEF" Name="sumador_completo.sysdef"/>
  <File Type="BG-BGN" Name="sumador_completo.bgn"/>
  <File Type="BG-DRC" Name="sumador_completo.drc"/>
  <File Type="RDI-RDI" Name="sumador_completo.vdi"/>
  <File Type="WBT-USG" Name="usage_statistics_webtalk.html"/>
  <FileSet Name="sources" Type="DesignSrcs" RelSrcDir="$PSRCDIR/sources_1">
    <Filter Type="Srcs"/>
    <File Path="$PSRCDIR/sources_1/new/sumador_completo.vhd">
      <FileInfo>
        <Attr Name="UsedIn" Val="synthesis"/>
        <Attr Name="UsedIn" Val="simulation"/>
      </FileInfo>
    </File>
    <File Path="$PSRCDIR/sources_1/new/medio_sumador.vhd">
      <FileInfo>
        <Attr Name="UsedIn" Val="synthesis"/>
        <Attr Name="UsedIn" Val="simulation"/>
      </FileInfo>
    </File>
    <File Path="$PSRCDIR/sources_1/new/sumado_16_b.vhd">
      <FileInfo>
        <Attr Name="UsedIn" Val="synthesis"/>
        <Attr Name="UsedIn" Val="simulation"/>
      </FileInfo>
    </File>
    <Config>
      <Option Name="DesignMode" Val="RTL"/>
      <Option Name="TopModule" Val="sumador_completo"/>
    </Config>
  </FileSet>
  <FileSet Name="constrs_in" Type="Constrs" RelSrcDir="$PSRCDIR/constrs_1">
    <Filter Type="Constrs"/>
    <Config>
      <Option Name="ConstrsType" Val="XDC"/>
    </Config>
  </FileSet>
  <FileSet Name="utils" Type="Utils" RelSrcDir="$PSRCDIR/utils_1">
    <Filter Type="Utils"/>
    <Config>
      <Option Name="TopAutoSet" Val="TRUE"/>
    </Config>
  </FileSet>
  <Strategy Version="1" Minor="2">
    <StratHandle Name="Vivado Implementation Defaults" Flow="Vivado Implementation 2019"/>
    <Step Id="init_design"/>
    <Step Id="opt_design"/>
    <Step Id="power_opt_design"/>
    <Step Id="place_design"/>
    <Step Id="post_place_power_opt_design"/>
    <Step Id="phys_opt_design" EnableStepBool="1"/>
    <Step Id="route_design"/>
    <Step Id="post_route_phys_opt_design"/>
    <Step Id="write_bitstream"/>
  </Strategy>
</GenRun>
