<?xml version="1.0" encoding="UTF-8"?>
<GenRun Id="impl_1" LaunchPart="xc7a100tcsg324-1" LaunchTime="1586134217">
  <File Type="BITSTR-BMM" Name="demultiplexor_bd.bmm"/>
  <File Type="OPT-METHODOLOGY-DRC" Name="demultiplexor_methodology_drc_opted.rpt"/>
  <File Type="INIT-TIMING" Name="demultiplexor_timing_summary_init.rpt"/>
  <File Type="ROUTE-PWR" Name="demultiplexor_power_routed.rpt"/>
  <File Type="PA-TCL" Name="demultiplexor.tcl"/>
  <File Type="OPT-TIMING" Name="demultiplexor_timing_summary_opted.rpt"/>
  <File Type="OPT-DCP" Name="demultiplexor_opt.dcp"/>
  <File Type="ROUTE-PWR-SUM" Name="demultiplexor_power_summary_routed.pb"/>
  <File Type="REPORTS-TCL" Name="demultiplexor_reports.tcl"/>
  <File Type="OPT-DRC" Name="demultiplexor_drc_opted.rpt"/>
  <File Type="OPT-HWDEF" Name="demultiplexor.hwdef"/>
  <File Type="PWROPT-DCP" Name="demultiplexor_pwropt.dcp"/>
  <File Type="PWROPT-DRC" Name="demultiplexor_drc_pwropted.rpt"/>
  <File Type="PWROPT-TIMING" Name="demultiplexor_timing_summary_pwropted.rpt"/>
  <File Type="PLACE-DCP" Name="demultiplexor_placed.dcp"/>
  <File Type="PLACE-IO" Name="demultiplexor_io_placed.rpt"/>
  <File Type="PLACE-CLK" Name="demultiplexor_clock_utilization_placed.rpt"/>
  <File Type="PLACE-UTIL" Name="demultiplexor_utilization_placed.rpt"/>
  <File Type="PLACE-UTIL-PB" Name="demultiplexor_utilization_placed.pb"/>
  <File Type="PLACE-CTRL" Name="demultiplexor_control_sets_placed.rpt"/>
  <File Type="PLACE-SIMILARITY" Name="demultiplexor_incremental_reuse_placed.rpt"/>
  <File Type="PLACE-PRE-SIMILARITY" Name="demultiplexor_incremental_reuse_pre_placed.rpt"/>
  <File Type="PLACE-TIMING" Name="demultiplexor_timing_summary_placed.rpt"/>
  <File Type="POSTPLACE-PWROPT-DCP" Name="demultiplexor_postplace_pwropt.dcp"/>
  <File Type="BG-BIN" Name="demultiplexor.bin"/>
  <File Type="POSTPLACE-PWROPT-TIMING" Name="demultiplexor_timing_summary_postplace_pwropted.rpt"/>
  <File Type="PHYSOPT-DCP" Name="demultiplexor_physopt.dcp"/>
  <File Type="PHYSOPT-DRC" Name="demultiplexor_drc_physopted.rpt"/>
  <File Type="BITSTR-MSK" Name="demultiplexor.msk"/>
  <File Type="PHYSOPT-TIMING" Name="demultiplexor_timing_summary_physopted.rpt"/>
  <File Type="ROUTE-ERROR-DCP" Name="demultiplexor_routed_error.dcp"/>
  <File Type="ROUTE-DCP" Name="demultiplexor_routed.dcp"/>
  <File Type="ROUTE-BLACKBOX-DCP" Name="demultiplexor_routed_bb.dcp"/>
  <File Type="ROUTE-DRC" Name="demultiplexor_drc_routed.rpt"/>
  <File Type="ROUTE-DRC-PB" Name="demultiplexor_drc_routed.pb"/>
  <File Type="ROUTE-DRC-RPX" Name="demultiplexor_drc_routed.rpx"/>
  <File Type="BITSTR-MMI" Name="demultiplexor.mmi"/>
  <File Type="ROUTE-METHODOLOGY-DRC" Name="demultiplexor_methodology_drc_routed.rpt"/>
  <File Type="ROUTE-METHODOLOGY-DRC-RPX" Name="demultiplexor_methodology_drc_routed.rpx"/>
  <File Type="ROUTE-METHODOLOGY-DRC-PB" Name="demultiplexor_methodology_drc_routed.pb"/>
  <File Type="ROUTE-PWR-RPX" Name="demultiplexor_power_routed.rpx"/>
  <File Type="ROUTE-STATUS" Name="demultiplexor_route_status.rpt"/>
  <File Type="ROUTE-STATUS-PB" Name="demultiplexor_route_status.pb"/>
  <File Type="ROUTE-TIMINGSUMMARY" Name="demultiplexor_timing_summary_routed.rpt"/>
  <File Type="ROUTE-TIMING-PB" Name="demultiplexor_timing_summary_routed.pb"/>
  <File Type="ROUTE-TIMING-RPX" Name="demultiplexor_timing_summary_routed.rpx"/>
  <File Type="ROUTE-SIMILARITY" Name="demultiplexor_incremental_reuse_routed.rpt"/>
  <File Type="ROUTE-CLK" Name="demultiplexor_clock_utilization_routed.rpt"/>
  <File Type="ROUTE-BUS-SKEW" Name="demultiplexor_bus_skew_routed.rpt"/>
  <File Type="ROUTE-BUS-SKEW-PB" Name="demultiplexor_bus_skew_routed.pb"/>
  <File Type="ROUTE-BUS-SKEW-RPX" Name="demultiplexor_bus_skew_routed.rpx"/>
  <File Type="POSTROUTE-PHYSOPT-DCP" Name="demultiplexor_postroute_physopt.dcp"/>
  <File Type="POSTROUTE-PHYSOPT-BLACKBOX-DCP" Name="demultiplexor_postroute_physopt_bb.dcp"/>
  <File Type="POSTROUTE-PHYSOPT-TIMING" Name="demultiplexor_timing_summary_postroute_physopted.rpt"/>
  <File Type="POSTROUTE-PHYSOPT-TIMING-PB" Name="demultiplexor_timing_summary_postroute_physopted.pb"/>
  <File Type="POSTROUTE-PHYSOPT-TIMING-RPX" Name="demultiplexor_timing_summary_postroute_physopted.rpx"/>
  <File Type="POSTROUTE-PHYSOPT-BUS-SKEW" Name="demultiplexor_bus_skew_postroute_physopted.rpt"/>
  <File Type="POSTROUTE-PHYSOPT-BUS-SKEW-PB" Name="demultiplexor_bus_skew_postroute_physopted.pb"/>
  <File Type="BG-BIT" Name="demultiplexor.bit"/>
  <File Type="POSTROUTE-PHYSOPT-BUS-SKEW-RPX" Name="demultiplexor_bus_skew_postroute_physopted.rpx"/>
  <File Type="BITSTR-RBT" Name="demultiplexor.rbt"/>
  <File Type="BITSTR-NKY" Name="demultiplexor.nky"/>
  <File Type="PDI-FILE" Name="demultiplexor.pdi"/>
  <File Type="RCFI_FILE" Name="demultiplexor.rcfi"/>
  <File Type="CFI_FILE" Name="demultiplexor.cfi"/>
  <File Type="RNPI_FILE" Name="demultiplexor.rnpi"/>
  <File Type="NPI_FILE" Name="demultiplexor.npi"/>
  <File Type="RBD_FILE" Name="demultiplexor.rbd"/>
  <File Type="BITSTR-LTX" Name="debug_nets.ltx"/>
  <File Type="BITSTR-LTX" Name="demultiplexor.ltx"/>
  <File Type="BITSTR-SYSDEF" Name="demultiplexor.sysdef"/>
  <File Type="BG-BGN" Name="demultiplexor.bgn"/>
  <File Type="BG-DRC" Name="demultiplexor.drc"/>
  <File Type="RDI-RDI" Name="demultiplexor.vdi"/>
  <File Type="WBT-USG" Name="usage_statistics_webtalk.html"/>
  <FileSet Name="sources" Type="DesignSrcs" RelSrcDir="$PSRCDIR/sources_1">
    <Filter Type="Srcs"/>
    <File Path="$PSRCDIR/sources_1/new/demultiplexor.vhd">
      <FileInfo>
        <Attr Name="UsedIn" Val="synthesis"/>
        <Attr Name="UsedIn" Val="simulation"/>
      </FileInfo>
    </File>
    <Config>
      <Option Name="DesignMode" Val="RTL"/>
      <Option Name="TopModule" Val="demultiplexor"/>
      <Option Name="TopAutoSet" Val="TRUE"/>
    </Config>
  </FileSet>
  <FileSet Name="constrs_in" Type="Constrs" RelSrcDir="$PSRCDIR/constrs_1">
    <Filter Type="Constrs"/>
    <File Path="$PSRCDIR/constrs_1/new/demiltiplexor2.0"/>
    <Config>
      <Option Name="ConstrsType" Val="XDC"/>
    </Config>
  </FileSet>
  <FileSet Name="utils" Type="Utils" RelSrcDir="$PSRCDIR/utils_1">
    <Filter Type="Utils"/>
    <Config>
      <Option Name="TopAutoSet" Val="TRUE"/>
    </Config>
  </FileSet>
  <Strategy Version="1" Minor="2">
    <StratHandle Name="Vivado Implementation Defaults" Flow="Vivado Implementation 2019"/>
    <Step Id="init_design"/>
    <Step Id="opt_design"/>
    <Step Id="power_opt_design"/>
    <Step Id="place_design"/>
    <Step Id="post_place_power_opt_design"/>
    <Step Id="phys_opt_design" EnableStepBool="1"/>
    <Step Id="route_design"/>
    <Step Id="post_route_phys_opt_design"/>
    <Step Id="write_bitstream"/>
  </Strategy>
</GenRun>
